{"variables": {"b": {"timestamp": 1578987589.430985, "type": "int", "report": ["b", 8, 5, [[14, 5, 10], [8, 10, 260], [14, 260, 265], [8, 265, 1533290], [14, 1533290, 1533295], [8, 1533295, 1254993334248920]]], "ifint": true}, "e": {"timestamp": 1578987589.4309912, "type": "int", "report": ["e", 21, 260, [[21, 260, 1533290], [21, 1533290, 1254993334248920]]], "ifint": true}, "d": {"timestamp": 1578987589.430995, "type": "int", "report": ["d", 20, 240, [[20, 240, 1532760], [20, 1532760, 1254993331182330]]], "ifint": true}, "test": {"timestamp": 1578987589.431054, "type": "str", "report": ["test", 12, "sfwef", [[18, "sfwef", "sfwefe"], [22, "sfwefe", "sfwefegsagar"], [12, "sfwefegsagar", "sfwef"], [18, "sfwef", "sfwefe"], [22, "sfwefe", "sfwefegsagar"], [12, "sfwefegsagar", "sfwef"], [18, "sfwef", "sfwefe"], [22, "sfwefe", "sfwefegsagar"]]]}, "a": {"timestamp": 1578987589.4310038, "type": "int", "report": ["a", 8, 3, [[13, 3, 4], [8, 4, 240], [13, 240, 241], [8, 241, 1532760], [13, 1532760, 1532761], [8, 1532761, 1254993331182330]]], "ifint": true}, "c": {"timestamp": 1578987589.431008, "type": "int", "report": ["c", 19, 6, [[19, 6, 24], [19, 24, 534]]], "ifint": true}, "curr": {"timestamp": 1578987589.4310122, "type": "int", "report": ["curr", 8, 0, [[11, 0, 1], [11, 1, 2], [11, 2, 3]]], "ifint": true}, "n": {"timestamp": 1578987589.431036, "type": "int", "report": ["n", 15, 0, [[15, 0, 1], [15, 1, 2], [15, 2, 3], [15, 3, 4], [15, 4, 5], [15, 5, 6], [15, 6, 7], [15, 7, 8], [15, 8, 9], [15, 9, 10], [15, 10, 0], [15, 0, 1], [15, 1, 2], [15, 2, 3], [15, 3, 4], [15, 4, 5], [15, 5, 6], [15, 6, 7], [15, 7, 8], [15, 8, 9], [15, 9, 10], [15, 10, 0], [15, 0, 1], [15, 1, 2], [15, 2, 3], [15, 3, 4], [15, 4, 5], [15, 5, 6], [15, 6, 7], [15, 7, 8], [15, 8, 9], [15, 9, 10]]], "ifint": true}}, "others": {"timestamp": 1578987589.431062, "report": [0.008823871612548828, [8, 4], [9, 1], [10, 3], [11, 3], [12, 3], [13, 3], [14, 3], [15, 33], [16, 30], [17, 3], [18, 3], [19, 3], [20, 3], [21, 3], [22, 3]]}, "lines": {"1": {"timestamp": 1578987589.429913, "report": [8, 1.5974044799804688e-05, 1, 1.5974044799804688e-05, 1.5974044799804688e-05, [], [], [], [], [["a", 3], ["b", 5], ["curr", 0]]]}, "2": {"timestamp": 1578987589.429926, "report": [10, 4.0531158447265625e-06, 1, 4.0531158447265625e-06, 4.0531158447265625e-06, [], [], [], [], []]}, "3": {"timestamp": 1578987589.42994, "report": [11, 6.9141387939453125e-06, 1, 6.9141387939453125e-06, 6.9141387939453125e-06, [], [], [], [["curr", 0, 1]], []]}, "4": {"timestamp": 1578987589.429952, "report": [12, 5.9604644775390625e-06, 1, 5.9604644775390625e-06, 5.9604644775390625e-06, [], [], [], [], [["test", "sfwef"]]]}, "5": {"timestamp": 1578987589.429964, "report": [13, 5.7220458984375e-06, 1, 5.7220458984375e-06, 5.7220458984375e-06, [], [], [], [["a", 3, 4]], []]}, "6": {"timestamp": 1578987589.429976, "report": [14, 6.198883056640625e-06, 1, 6.198883056640625e-06, 6.198883056640625e-06, [], [], [], [["b", 5, 10]], []]}, "7": {"timestamp": 1578987589.429987, "report": [15, 5.245208740234375e-06, 1, 5.245208740234375e-06, 5.245208740234375e-06, [], [], [], [], [["n", 0]]]}, "8": {"timestamp": 1578987589.429996, "report": [16, 4.0531158447265625e-06, 1, 4.0531158447265625e-06, 4.0531158447265625e-06, [], [], [], [], []]}, "9": {"timestamp": 1578987589.4300082, "report": [15, 6.9141387939453125e-06, 2, 1.2159347534179688e-05, 6.079673767089844e-06, [], [], [], [["n", 0, 1]], []]}, "10": {"timestamp": 1578987589.430017, "report": [16, 4.291534423828125e-06, 2, 8.344650268554688e-06, 4.172325134277344e-06, [], [], [], [], []]}, "11": {"timestamp": 1578987589.430028, "report": [15, 6.9141387939453125e-06, 3, 1.9073486328125e-05, 6.357828776041667e-06, [], [], [], [["n", 1, 2]], []]}, "12": {"timestamp": 1578987589.430037, "report": [16, 3.814697265625e-06, 3, 1.2159347534179688e-05, 4.0531158447265625e-06, [], [], [], [], []]}, "13": {"timestamp": 1578987589.430049, "report": [15, 5.9604644775390625e-06, 4, 2.5033950805664062e-05, 6.258487701416016e-06, [], [], [], [["n", 2, 3]], []]}, "14": {"timestamp": 1578987589.430057, "report": [16, 2.86102294921875e-06, 4, 1.5020370483398438e-05, 3.7550926208496094e-06, [], [], [], [], []]}, "15": {"timestamp": 1578987589.430068, "report": [15, 5.7220458984375e-06, 5, 3.075599670410156e-05, 6.151199340820313e-06, [], [], [], [["n", 3, 4]], []]}, "16": {"timestamp": 1578987589.430076, "report": [16, 3.0994415283203125e-06, 5, 1.811981201171875e-05, 3.62396240234375e-06, [], [], [], [], []]}, "17": {"timestamp": 1578987589.4300869, "report": [15, 6.198883056640625e-06, 6, 3.695487976074219e-05, 6.159146626790364e-06, [], [], [], [["n", 4, 5]], []]}, "18": {"timestamp": 1578987589.4300952, "report": [16, 3.0994415283203125e-06, 6, 2.1219253540039062e-05, 3.5365422566731772e-06, [], [], [], [], []]}, "19": {"timestamp": 1578987589.4301062, "report": [15, 6.198883056640625e-06, 7, 4.315376281738281e-05, 6.164823259626116e-06, [], [], [], [["n", 5, 6]], []]}, "20": {"timestamp": 1578987589.430114, "report": [16, 2.86102294921875e-06, 7, 2.4080276489257812e-05, 3.440039498465402e-06, [], [], [], [], []]}, "21": {"timestamp": 1578987589.430125, "report": [15, 5.9604644775390625e-06, 8, 4.9114227294921875e-05, 6.139278411865234e-06, [], [], [], [["n", 6, 7]], []]}, "22": {"timestamp": 1578987589.430133, "report": [16, 2.86102294921875e-06, 8, 2.6941299438476562e-05, 3.3676624298095703e-06, [], [], [], [], []]}, "23": {"timestamp": 1578987589.430145, "report": [15, 6.9141387939453125e-06, 9, 5.602836608886719e-05, 6.225374009874132e-06, [], [], [], [["n", 7, 8]], []]}, "24": {"timestamp": 1578987589.430153, "report": [16, 3.814697265625e-06, 9, 3.075599670410156e-05, 3.417332967122396e-06, [], [], [], [], []]}, "25": {"timestamp": 1578987589.430165, "report": [15, 6.9141387939453125e-06, 10, 6.29425048828125e-05, 6.29425048828125e-06, [], [], [], [["n", 8, 9]], []]}, "26": {"timestamp": 1578987589.430173, "report": [16, 3.814697265625e-06, 10, 3.457069396972656e-05, 3.4570693969726562e-06, [], [], [], [], []]}, "27": {"timestamp": 1578987589.430183, "report": [15, 5.9604644775390625e-06, 11, 6.890296936035156e-05, 6.263906305486506e-06, [], [], [], [["n", 9, 10]], []]}, "28": {"timestamp": 1578987589.4301922, "report": [17, 3.0994415283203125e-06, 1, 3.0994415283203125e-06, 3.0994415283203125e-06, [], [], [], [], []]}, "29": {"timestamp": 1578987589.430203, "report": [18, 7.152557373046875e-06, 1, 7.152557373046875e-06, 7.152557373046875e-06, [], [], [], [["test", "sfwef", "sfwefe"]], []]}, "30": {"timestamp": 1578987589.4302158, "report": [19, 5.9604644775390625e-06, 1, 5.9604644775390625e-06, 5.9604644775390625e-06, [], [], [], [], [["c", 6]]]}, "31": {"timestamp": 1578987589.430228, "report": [20, 5.9604644775390625e-06, 1, 5.9604644775390625e-06, 5.9604644775390625e-06, [], [], [], [], [["d", 240]]]}, "32": {"timestamp": 1578987589.430239, "report": [21, 5.7220458984375e-06, 1, 5.7220458984375e-06, 5.7220458984375e-06, [], [], [], [], [["e", 260]]]}, "33": {"timestamp": 1578987589.43025, "report": [22, 6.9141387939453125e-06, 1, 6.9141387939453125e-06, 6.9141387939453125e-06, [], [], [], [["test", "sfwefe", "sfwefegsagar"]], []]}, "34": {"timestamp": 1578987589.4302669, "report": [8, 9.059906005859375e-06, 2, 2.5033950805664062e-05, 1.2516975402832031e-05, [], [], [], [["a", 4, 240], ["b", 10, 260]], []]}, "35": {"timestamp": 1578987589.430275, "report": [10, 2.1457672119140625e-06, 2, 6.198883056640625e-06, 3.0994415283203125e-06, [], [], [], [], []]}, "36": {"timestamp": 1578987589.4302888, "report": [11, 1.0013580322265625e-05, 2, 1.6927719116210938e-05, 8.463859558105469e-06, [], [], [], [["curr", 1, 2]], []]}, "37": {"timestamp": 1578987589.4303098, "report": [12, 5.245208740234375e-06, 2, 1.1205673217773438e-05, 5.602836608886719e-06, [], [], [], [["test", "sfwefegsagar", "sfwef"]], []]}, "38": {"timestamp": 1578987589.43032,