{"lines": {"1": {"timestamp": 1579055828.345549, "report": [119, 9.059906005859375e-06, 1, 9.059906005859375e-06, 9.059906005859375e-06, [], [], [["arr", [-2, -3, 4, -1, -2, 1, 5, -3]]], [], []]}, "2": {"timestamp": 1579055828.345571, "report": [120, 1.3113021850585938e-05, 1, 1.3113021850585938e-05, 1.3113021850585938e-05, [], [], [], [], [["curr", 0]]]}, "3": {"timestamp": 1579055828.3455849, "report": [121, 9.298324584960938e-06, 1, 9.298324584960938e-06, 9.298324584960938e-06, [], [], [], [], [["maxans", 0]]]}, "4": {"timestamp": 1579055828.3456, "report": [122, 9.059906005859375e-06, 1, 9.059906005859375e-06, 9.059906005859375e-06, [], [], [], [], [["i", 0]]]}, "5": {"timestamp": 1579055828.3456151, "report": [123, 1.0013580322265625e-05, 1, 1.0013580322265625e-05, 1.0013580322265625e-05, [], [], [], [["curr", 0, -2]], []]}, "6": {"timestamp": 1579055828.34563, "report": [124, 1.0013580322265625e-05, 1, 1.0013580322265625e-05, 1.0013580322265625e-05, [], [], [], [["curr", -2, 0]], []]}, "7": {"timestamp": 1579055828.345642, "report": [121, 5.9604644775390625e-06, 2, 1.52587890625e-05, 7.62939453125e-06, [], [], [], [], []]}, "8": {"timestamp": 1579055828.3456562, "report": [122, 9.059906005859375e-06, 2, 1.811981201171875e-05, 9.059906005859375e-06, [], [], [], [["i", 0, 1]], []]}, "9": {"timestamp": 1579055828.345669, "report": [123, 9.059906005859375e-06, 2, 1.9073486328125e-05, 9.5367431640625e-06, [], [], [], [["curr", 0, -3]], []]}, "10": {"timestamp": 1579055828.3456829, "report": [124, 9.059906005859375e-06, 2, 1.9073486328125e-05, 9.5367431640625e-06, [], [], [], [["curr", -3, 0]], []]}, "11": {"timestamp": 1579055828.3456929, "report": [121, 5.9604644775390625e-06, 3, 2.1219253540039062e-05, 7.0730845133463544e-06, [], [], [], [], []]}, "12": {"timestamp": 1579055828.345706, "report": [122, 8.821487426757812e-06, 3, 2.6941299438476562e-05, 8.980433146158854e-06, [], [], [], [["i", 1, 2]], []]}, "13": {"timestamp": 1579055828.345721, "report": [123, 9.059906005859375e-06, 3, 2.8133392333984375e-05, 9.377797444661459e-06, [], [], [], [["curr", 0, 4]], []]}, "14": {"timestamp": 1579055828.345731, "report": [124, 6.198883056640625e-06, 3, 2.5272369384765625e-05, 8.424123128255209e-06, [], [], [], [], []]}, "15": {"timestamp": 1579055828.345744, "report": [121, 8.106231689453125e-06, 4, 2.9325485229492188e-05, 7.331371307373047e-06, [], [], [], [["maxans", 0, 4]], []]}, "16": {"timestamp": 1579055828.345757, "report": [122, 9.059906005859375e-06, 4, 3.600120544433594e-05, 9.000301361083984e-06, [], [], [], [["i", 2, 3]], []]}, "17": {"timestamp": 1579055828.34577, "report": [123, 9.059906005859375e-06, 4, 3.719329833984375e-05, 9.298324584960938e-06, [], [], [], [["curr", 4, 3]], []]}, "18": {"timestamp": 1579055828.34578, "report": [124, 5.9604644775390625e-06, 4, 3.123283386230469e-05, 7.808208465576172e-06, [], [], [], [], []]}, "19": {"timestamp": 1579055828.34579, "report": [121, 5.9604644775390625e-06, 5, 3.528594970703125e-05, 7.05718994140625e-06, [], [], [], [], []]}, "20": {"timestamp": 1579055828.345802, "report": [122, 7.867813110351562e-06, 5, 4.38690185546875e-05, 8.7738037109375e-06, [], [], [], [["i", 3, 4]], []]}, "21": {"timestamp": 1579055828.345815, "report": [123, 9.059906005859375e-06, 5, 4.6253204345703125e-05, 9.250640869140624e-06, [], [], [], [["curr", 3, 1]], []]}, "22": {"timestamp": 1579055828.345825, "report": [124, 5.9604644775390625e-06, 5, 3.719329833984375e-05, 7.43865966796875e-06, [], [], [], [], []]}, "23": {"timestamp": 1579055828.345836, "report": [121, 5.9604644775390625e-06, 6, 4.124641418457031e-05, 6.874402364095052e-06, [], [], [], [], []]}, "24": {"timestamp": 1579055828.345848, "report": [122, 9.059906005859375e-06, 6, 5.2928924560546875e-05, 8.821487426757812e-06, [], [], [], [["i", 4, 5]], []]}, "25": {"timestamp": 1579055828.3458612, "report": [123, 8.106231689453125e-06, 6, 5.435943603515625e-05, 9.059906005859375e-06, [], [], [], [["curr", 1, 2]], []]}, "26": {"timestamp": 1579055828.3458712, "report": [124, 6.198883056640625e-06, 6, 4.3392181396484375e-05, 7.2320302327473956e-06, [], [], [], [], []]}, "27": {"timestamp": 1579055828.345881, "report": [121, 6.198883056640625e-06, 7, 4.744529724121094e-05, 6.777899605887276e-06, [], [], [], [], []]}, "28": {"timestamp": 1579055828.3458939, "report": [122, 9.298324584960938e-06, 7, 6.222724914550781e-05, 8.88960702078683e-06, [], [], [], [["i", 5, 6]], []]}, "29": {"timestamp": 1579055828.345906, "report": [123, 8.821487426757812e-06, 7, 6.318092346191406e-05, 9.025846208844865e-06, [], [], [], [["curr", 2, 7]], []]}, "30": {"timestamp": 1579055828.3459158, "report": [124, 5.9604644775390625e-06, 7, 4.935264587402344e-05, 7.050377982003349e-06, [], [], [], [], []]}, "31": {"timestamp": 1579055828.345929, "report": [121, 8.106231689453125e-06, 8, 5.555152893066406e-05, 6.943941116333008e-06, [], [], [], [["maxans", 4, 7]], []]}, "32": {"timestamp": 1579055828.345942, "report": [122, 8.821487426757812e-06, 8, 7.104873657226562e-05, 8.881092071533203e-06, [], [], [], [["i", 6, 7]], []]}, "33": {"timestamp": 1579055828.345954, "report": [123, 7.867813110351562e-06, 8, 7.104873657226562e-05, 8.881092071533203e-06, [], [], [], [["curr", 7, 4]], []]}, "34": {"timestamp": 1579055828.345964, "report": [124, 5.9604644775390625e-06, 8, 5.53131103515625e-05, 6.9141387939453125e-06, [], [], [], [], []]}, "35": {"timestamp": 1579055828.345974, "report": [121, 5.9604644775390625e-06, 9, 6.151199340820312e-05, 6.834665934244792e-06, [], [], [], [], []]}, "36": {"timestamp": 1579055828.345984, "report": [125, 5.9604644775390625e-06, 1, 5.9604644775390625e-06, 5.9604644775390625e-06, [], [], [], [], []]}}, "source": "def kadanes(arr):\n    curr = 0\n    maxans = 0\n    for i in range(len(arr)):\n        curr += arr[i]\n        curr = max(curr, 0)\n        maxans = max(curr, maxans)\n    return maxans\n", "others": {"timestamp": 1579055828.3460321, "report": [0.006772041320800781, [119, 1], [120, 1], [121, 9], [122, 8], [123, 8], [124, 8], [125, 1]]}, "variables": {"curr": {"timestamp": 1579055828.346001, "ifint": true, "report": ["curr", 120, 0, [[123, 0, -2], [124, -2, 0], [123, 0, -3], [124, -3, 0], [123, 0, 4], [123, 4, 3], [123, 3, 1], [123, 1, 2], [123, 2, 7], [123, 7, 4]]], "type": "int"}, "maxans": {"timestamp": 1579055828.346008, "ifint": true, "report": ["maxans", 121, 0, [[121, 0, 4], [121, 4, 7]]], "type": "int"}, "i": {"timestamp": 1579055828.346016, "ifint": true, "report": ["i", 122, 0, [[122, 0, 1], [122, 1, 2], [122, 2, 3], [122, 3, 4], [122, 4, 5], [122, 5, 6], [122, 6, 7]]], "type": "int"}, "arr": {"timestamp": 1579055828.346027, "report": ["arr", 119, [-2, -3, 4, -1, -2, 1, 5, -3], []], "type": "list"}}}