{"lines": {"1": {"report": [2, 1.621246337890625e-05, 1, 1.621246337890625e-05, 1.621246337890625e-05, [], [], [], [], [["y", 3], ["x", 5], ["a", 0]]], "timestamp": 1579080949.1208389}, "2": {"report": [3, 8.821487426757812e-06, 1, 8.821487426757812e-06, 8.821487426757812e-06, [], [], [], [["x", 5, 8]], []], "timestamp": 1579080949.120856}, "3": {"report": [4, 7.152557373046875e-06, 1, 7.152557373046875e-06, 7.152557373046875e-06, [], [], [], [["y", 3, 11]], []], "timestamp": 1579080949.1208692}, "4": {"report": [5, 1.2874603271484375e-05, 1, 1.2874603271484375e-05, 1.2874603271484375e-05, [], [], [], [], [["z", 88]]], "timestamp": 1579080949.120887}, "5": {"report": [6, 5.9604644775390625e-06, 1, 5.9604644775390625e-06, 5.9604644775390625e-06, [], [], [], [], [["b", 107]]], "timestamp": 1579080949.120897}, "6": {"report": [7, 5.245208740234375e-06, 1, 5.245208740234375e-06, 5.245208740234375e-06, [], [], [], [], [["i", 0]]], "timestamp": 1579080949.120909}, "7": {"report": [8, 4.601478576660156e-05, 1, 4.601478576660156e-05, 4.601478576660156e-05, [], [], [], [["b", 107, 214]], []], "timestamp": 1579080949.120964}, "8": {"report": [6, 1.0013580322265625e-05, 2, 1.5974044799804688e-05, 7.987022399902344e-06, [], [], [], [["y", 11, 12]], []], "timestamp": 1579080949.120988}, "9": {"report": [7, 6.9141387939453125e-06, 2, 1.2159347534179688e-05, 6.079673767089844e-06, [], [], [], [["i", 0, 1]], []], "timestamp": 1579080949.121}, "10": {"report": [8, 5.9604644775390625e-06, 2, 5.1975250244140625e-05, 2.5987625122070312e-05, [], [], [], [["b", 214, 428]], []], "timestamp": 1579080949.121011}, "11": {"report": [6, 6.9141387939453125e-06, 3, 2.288818359375e-05, 7.62939453125e-06, [], [], [], [["y", 12, 13]], []], "timestamp": 1579080949.121021}, "12": {"report": [7, 5.9604644775390625e-06, 3, 1.811981201171875e-05, 6.039937337239583e-06, [], [], [], [["i", 1, 2]], []], "timestamp": 1579080949.121032}, "13": {"report": [8, 6.198883056640625e-06, 3, 5.817413330078125e-05, 1.9391377766927082e-05, [], [], [], [["b", 428, 856]], []], "timestamp": 1579080949.1210518}, "14": {"report": [6, 7.152557373046875e-06, 4, 3.0040740966796875e-05, 7.510185241699219e-06, [], [], [], [["y", 13, 14]], []], "timestamp": 1579080949.1210618}, "15": {"report": [7, 7.152557373046875e-06, 4, 2.5272369384765625e-05, 6.318092346191406e-06, [], [], [], [["i", 2, 3]], []], "timestamp": 1579080949.121072}, "16": {"report": [8, 7.152557373046875e-06, 4, 6.532669067382812e-05, 1.633167266845703e-05, [], [], [], [["b", 856, 1712]], []], "timestamp": 1579080949.121082}, "17": {"report": [6, 6.198883056640625e-06, 5, 3.62396240234375e-05, 7.2479248046875e-06, [], [], [], [["y", 14, 15]], []], "timestamp": 1579080949.121092}, "18": {"report": [7, 6.198883056640625e-06, 5, 3.147125244140625e-05, 6.29425048828125e-06, [], [], [], [["i", 3, 4]], []], "timestamp": 1579080949.121102}, "19": {"report": [8, 6.198883056640625e-06, 5, 7.152557373046875e-05, 1.430511474609375e-05, [], [], [], [["b", 1712, 3424]], []], "timestamp": 1579080949.121112}, "20": {"report": [6, 5.9604644775390625e-06, 6, 4.220008850097656e-05, 7.033348083496094e-06, [], [], [], [["y", 15, 16]], []], "timestamp": 1579080949.1211221}, "21": {"report": [7, 5.7220458984375e-06, 6, 3.719329833984375e-05, 6.198883056640625e-06, [], [], [], [["i", 4, 5]], []], "timestamp": 1579080949.1211321}, "22": {"report": [8, 5.9604644775390625e-06, 6, 7.748603820800781e-05, 1.2914339701334635e-05, [], [], [], [["b", 3424, 6848]], []], "timestamp": 1579080949.121143}, "23": {"report": [6, 7.152557373046875e-06, 7, 4.935264587402344e-05, 7.050377982003349e-06, [], [], [], [["y", 16, 17]], []], "timestamp": 1579080949.121156}, "24": {"report": [7, 6.198883056640625e-06, 7, 4.3392181396484375e-05, 6.198883056640625e-06, [], [], [], [["i", 5, 6]], []], "timestamp": 1579080949.121166}, "25": {"report": [8, 6.198883056640625e-06, 7, 8.368492126464844e-05, 1.1954988752092635e-05, [], [], [], [["b", 6848, 13696]], []], "timestamp": 1579080949.1211772}, "26": {"report": [6, 6.198883056640625e-06, 8, 5.555152893066406e-05, 6.943941116333008e-06, [], [], [], [["y", 17, 18]], []], "timestamp": 1579080949.121187}, "27": {"report": [7, 5.9604644775390625e-06, 8, 4.935264587402344e-05, 6.16908073425293e-06, [], [], [], [["i", 6, 7]], []], "timestamp": 1579080949.121196}, "28": {"report": [8, 5.9604644775390625e-06, 8, 8.96453857421875e-05, 1.1205673217773438e-05, [], [], [], [["b", 13696, 27392]], []], "timestamp": 1579080949.121206}, "29": {"report": [6, 6.9141387939453125e-06, 9, 6.246566772460938e-05, 6.940629747178819e-06, [], [], [], [["y", 18, 19]], []], "timestamp": 1579080949.121216}, "30": {"report": [7, 5.9604644775390625e-06, 9, 5.53131103515625e-05, 6.145901150173611e-06, [], [], [], [["i", 7, 8]], []], "timestamp": 1579080949.121226}, "31": {"report": [8, 5.9604644775390625e-06, 9, 9.560585021972656e-05, 1.0622872246636285e-05, [], [], [], [["b", 27392, 54784]], []], "timestamp": 1579080949.121236}, "32": {"report": [6, 5.9604644775390625e-06, 10, 6.842613220214844e-05, 6.842613220214844e-06, [], [], [], [["y", 19, 20]], []], "timestamp": 1579080949.1212459}, "33": {"report": [7, 5.9604644775390625e-06, 10, 6.127357482910156e-05, 6.127357482910156e-06, [], [], [], [["i", 8, 9]], []], "timestamp": 1579080949.1212559}, "34": {"report": [8, 6.198883056640625e-06, 10, 0.00010180473327636719, 1.018047332763672e-05, [], [], [], [["b", 54784, 109568]], []], "timestamp": 1579080949.121266}, "35": {"report": [6, 5.9604644775390625e-06, 11, 7.43865966796875e-05, 6.762417879971591e-06, [], [], [], [["y", 20, 21]], []], "timestamp": 1579080949.121276}, "36": {"report": [9, 2.86102294921875e-06, 1, 2.86102294921875e-06, 2.86102294921875e-06, [], [], [], [], []], "timestamp": 1579080949.121283}}, "variables": {"b": {"type": "int", "ifint": true, "report": ["b", 6, 107, [[8, 107, 214], [8, 214, 428], [8, 428, 856], [8, 856, 1712], [8, 1712, 3424], [8, 3424, 6848], [8, 6848, 13696], [8, 13696, 27392], [8, 27392, 54784], [8, 54784, 109568]]], "timestamp": 1579080949.121301}, "i": {"type": "int", "ifint": true, "report": ["i", 7, 0, [[7, 0, 1], [7, 1, 2], [7, 2, 3], [7, 3, 4], [7, 4, 5], [7, 5, 6], [7, 6, 7], [7, 7, 8], [7, 8, 9]]], "timestamp": 1579080949.121313}, "z": {"type": "int", "ifint": true, "report": ["z", 5, 88, []], "timestamp": 1579080949.1213162}, "x": {"type": "int", "ifint": true, "report": ["x", 2, 5, [[3, 5, 8]]], "timestamp": 1579080949.121321}, "y": {"type": "int", "ifint": true, "report": ["y", 2, 3, [[4, 3, 11], [6, 11, 12], [6, 12, 13], [6, 13, 14], [6, 14, 15], [6, 15, 16], [6, 16, 17], [6, 17, 18], [6, 18, 19], [6, 19, 20], [6, 20, 21]]], "timestamp": 1579080949.121331}, "a": {"type": "int", "ifint": true, "report": ["a", 2, 0, []], "timestamp": 1579080949.121334}}, "others": {"report": [0.00606989860534668, [2, 1], [3, 1], [4, 1], [5, 1], [6, 11], [7, 10], [8, 10], [9, 1]], "timestamp": 1579080949.1213398}, "source": "def main(y, x, a):\n    x += y\n    y += x\n    z = x * y\n    b = z + y + x + a\n    for i in range(10):\n        b *= 2\n        y += 1\n    return x + y + z + b\n"}