{"others": {"report": [0.007754087448120117, [8, 4], [9, 1], [10, 3], [11, 3], [12, 3], [13, 3], [14, 3], [15, 33], [16, 30], [17, 3], [18, 3], [19, 3], [20, 3], [21, 3], [22, 3]], "timestamp": 1578936129.945766}, "lines": {"1": {"report": [8, 1.1920928955078125e-05, 1, 1.1920928955078125e-05, 1.1920928955078125e-05, [], [], [], [], [["a", 3], ["b", 5], ["curr", 0]]], "timestamp": 1578936129.944746}, "2": {"report": [10, 2.86102294921875e-06, 1, 2.86102294921875e-06, 2.86102294921875e-06, [], [], [], [], []], "timestamp": 1578936129.944756}, "3": {"report": [11, 5.7220458984375e-06, 1, 5.7220458984375e-06, 5.7220458984375e-06, [], [], [], [["curr", 0, 1]], []], "timestamp": 1578936129.944767}, "4": {"report": [12, 4.76837158203125e-06, 1, 4.76837158203125e-06, 4.76837158203125e-06, [], [], [], [], [["test", "sfwef"]]], "timestamp": 1578936129.9447758}, "5": {"report": [13, 5.9604644775390625e-06, 1, 5.9604644775390625e-06, 5.9604644775390625e-06, [], [], [], [["a", 3, 4]], []], "timestamp": 1578936129.944787}, "6": {"report": [14, 4.76837158203125e-06, 1, 4.76837158203125e-06, 4.76837158203125e-06, [], [], [], [["b", 5, 10]], []], "timestamp": 1578936129.944797}, "7": {"report": [15, 4.291534423828125e-06, 1, 4.291534423828125e-06, 4.291534423828125e-06, [], [], [], [], [["n", 0]]], "timestamp": 1578936129.9448051}, "8": {"report": [16, 3.0994415283203125e-06, 1, 3.0994415283203125e-06, 3.0994415283203125e-06, [], [], [], [], []], "timestamp": 1578936129.944812}, "9": {"report": [15, 5.7220458984375e-06, 2, 1.0013580322265625e-05, 5.0067901611328125e-06, [], [], [], [["n", 0, 1]], []], "timestamp": 1578936129.944823}, "10": {"report": [16, 2.6226043701171875e-06, 2, 5.7220458984375e-06, 2.86102294921875e-06, [], [], [], [], []], "timestamp": 1578936129.94483}, "11": {"report": [15, 5.7220458984375e-06, 3, 1.5735626220703125e-05, 5.245208740234375e-06, [], [], [], [["n", 1, 2]], []], "timestamp": 1578936129.944839}, "12": {"report": [16, 2.86102294921875e-06, 3, 8.58306884765625e-06, 2.86102294921875e-06, [], [], [], [], []], "timestamp": 1578936129.9448462}, "13": {"report": [15, 5.9604644775390625e-06, 4, 2.1696090698242188e-05, 5.424022674560547e-06, [], [], [], [["n", 2, 3]], []], "timestamp": 1578936129.9448562}, "14": {"report": [16, 2.1457672119140625e-06, 4, 1.0728836059570312e-05, 2.682209014892578e-06, [], [], [], [], []], "timestamp": 1578936129.944863}, "15": {"report": [15, 5.9604644775390625e-06, 5, 2.765655517578125e-05, 5.53131103515625e-06, [], [], [], [["n", 3, 4]], []], "timestamp": 1578936129.944872}, "16": {"report": [16, 3.0994415283203125e-06, 5, 1.3828277587890625e-05, 2.765655517578125e-06, [], [], [], [], []], "timestamp": 1578936129.944879}, "17": {"report": [15, 5.0067901611328125e-06, 6, 3.266334533691406e-05, 5.443890889485677e-06, [], [], [], [["n", 4, 5]], []], "timestamp": 1578936129.944888}, "18": {"report": [16, 2.86102294921875e-06, 6, 1.6689300537109375e-05, 2.781550089518229e-06, [], [], [], [], []], "timestamp": 1578936129.944895}, "19": {"report": [15, 5.0067901611328125e-06, 7, 3.7670135498046875e-05, 5.381447928292411e-06, [], [], [], [["n", 5, 6]], []], "timestamp": 1578936129.9449039}, "20": {"report": [16, 3.0994415283203125e-06, 7, 1.9788742065429688e-05, 2.826963152204241e-06, [], [], [], [], []], "timestamp": 1578936129.94491}, "21": {"report": [15, 5.0067901611328125e-06, 8, 4.267692565917969e-05, 5.334615707397461e-06, [], [], [], [["n", 6, 7]], []], "timestamp": 1578936129.944919}, "22": {"report": [16, 2.6226043701171875e-06, 8, 2.2411346435546875e-05, 2.8014183044433594e-06, [], [], [], [], []], "timestamp": 1578936129.944926}, "23": {"report": [15, 4.76837158203125e-06, 9, 4.744529724121094e-05, 5.271699693467882e-06, [], [], [], [["n", 7, 8]], []], "timestamp": 1578936129.944937}, "24": {"report": [16, 3.0994415283203125e-06, 9, 2.5510787963867188e-05, 2.834531995985243e-06, [], [], [], [], []], "timestamp": 1578936129.9449432}, "25": {"report": [15, 5.245208740234375e-06, 10, 5.269050598144531e-05, 5.269050598144532e-06, [], [], [], [["n", 8, 9]], []], "timestamp": 1578936129.944952}, "26": {"report": [16, 3.0994415283203125e-06, 10, 2.86102294921875e-05, 2.86102294921875e-06, [], [], [], [], []], "timestamp": 1578936129.944959}, "27": {"report": [15, 5.7220458984375e-06, 11, 5.841255187988281e-05, 5.310231989080256e-06, [], [], [], [["n", 9, 10]], []], "timestamp": 1578936129.944968}, "28": {"report": [17, 1.9073486328125e-06, 1, 1.9073486328125e-06, 1.9073486328125e-06, [], [], [], [], []], "timestamp": 1578936129.9449751}, "29": {"report": [18, 5.0067901611328125e-06, 1, 5.0067901611328125e-06, 5.0067901611328125e-06, [], [], [], [["test", "sfwef", "sfwefe"]], []], "timestamp": 1578936129.944984}, "30": {"report": [19, 6.198883056640625e-06, 1, 6.198883056640625e-06, 6.198883056640625e-06, [], [], [], [], [["c", 6]]], "timestamp": 1578936129.944994}, "31": {"report": [20, 5.9604644775390625e-06, 1, 5.9604644775390625e-06, 5.9604644775390625e-06, [], [], [], [], [["d", 240]]], "timestamp": 1578936129.945005}, "32": {"report": [21, 5.9604644775390625e-06, 1, 5.9604644775390625e-06, 5.9604644775390625e-06, [], [], [], [], [["e", 260]]], "timestamp": 1578936129.945015}, "33": {"report": [22, 5.9604644775390625e-06, 1, 5.9604644775390625e-06, 5.9604644775390625e-06, [], [], [], [["test", "sfwefe", "sfwefegsagar"]], []], "timestamp": 1578936129.945025}, "34": {"report": [8, 8.106231689453125e-06, 2, 2.002716064453125e-05, 1.0013580322265625e-05, [], [], [], [["a", 4, 240], ["b", 10, 260]], []], "timestamp": 1578936129.945038}, "35": {"report": [10, 2.1457672119140625e-06, 2, 5.0067901611328125e-06, 2.5033950805664062e-06, [], [], [], [], []], "timestamp": 1578936129.945045}, "36": {"report": [11, 4.76837158203125e-06, 2, 1.049041748046875e-05, 5.245208740234375e-06, [], [], [], [["curr", 1, 2]], []], "timestamp": 1578936129.945054}, "37": {"report": [12, 4.291534423828125e-06, 2, 9.059906005859375e-06, 4.5299530029296875e-06, [], [], [], [["test", "sfwefegsagar", "sfwef"]], []], "timestamp": 1578936129.9450629}, "38": {"report": [13, 5.245208740234375e-06, 2, 1.1205673217773438e-05, 5.602836608886719e-06, [], [], [], [["a", 240, 241]], []], "timestamp": 1578936129.9450722}, "39": {"report": [14, 5.0067901611328125e-06, 2, 9.775161743164062e-06, 4.887580871582031e-06, [], [], [], [["b", 260, 265]], []], "timestamp": 1578936129.945081}, "40": {"report": [15, 5.245208740234375e-06, 12, 6.365776062011719e-05, 5.304813385009766e-06, [], [], [], [["n", 10, 0]], []], "timestamp": 1578936129.945091}, "41": {"report": [16, 2.86102294921875e-06, 11, 3.147125244140625e-05, 2.86102294921875e-06, [], [], [], [], []], "timestamp": 1578936129.945098}, "42": {"report": [15, 4.76837158203125e-06, 13, 6.842613220214844e-05, 5.263548630934495e-06, [], [], [], [["n", 0, 1]], []], "timestamp": 1578936129.945107}, "43": {"report": [16, 3.0994415283203125e-06, 12, 3.457069396972656e-05, 2.8808911641438803e-06, [], [], [], [], []], "timestamp": 1578936129.9451141}, "44": {"report": [15, 5.245208740234375e-06, 14, 7.367134094238281e-05, 5.26223863874163e-06, [], [], [], [["n", 1, 2]], []], "timestamp": 1578936129.945123}, "45": {"report": [16, 3.0994415283203125e-06, 13, 3.7670135498046875e-05, 2.8977027306189903e-06, [], [], [], [], []], "timestamp": 1578936129.945131}, "46": {"report": [15, 5.0067901611328125e-06, 15, 7.867813110351562e-05, 5.245208740234375e-06, [], [], [], [["n", 2, 3]], []], "timestamp": 1578936129.94514}, "47": {"report": [16, 3.0994415283203125e-06, 14, 4.076957702636719e-05, 2.912112644740513e-06, [], [], [], [], []], "timestamp": 1578936129.945146}, "48": {"report": [15, 5.0067901611328125e-06, 16, 8.368492126464844e-05, 5.230307579040527e-06, [], [], [], [["n", 3, 4]], []], "timestamp": 1578936129.9451551}, "49": {"report": [16, 1.9073486328125e-06, 15, 4.267692565917969e-05, 2.845128377278646e-06, [], [], [], [], []], "timestamp": 1578936129.945162},