{"others": {"timestamp": 1579098953.576706, "report": [0.0062520503997802734, [3, 1], [2, 1], [99, 11], [4, 1], [5, 1], [102, 1], [100, 10], [101, 10]]}, "lines": {"1": {"timestamp": 1579098953.576279, "report": [2, 1.5020370483398438e-05, 1, 1.5020370483398438e-05, 1.5020370483398438e-05, [], [], [], [], [["y", 3], ["x", 5], ["a", 0]]]}, "2": {"timestamp": 1579098953.5762959, "report": [3, 8.344650268554688e-06, 1, 8.344650268554688e-06, 8.344650268554688e-06, [], [], [], [["x", 5, 8]], []]}, "3": {"timestamp": 1579098953.576307, "report": [4, 5.9604644775390625e-06, 1, 5.9604644775390625e-06, 5.9604644775390625e-06, [], [], [], [["y", 3, 11]], []]}, "4": {"timestamp": 1579098953.5763168, "report": [5, 5.0067901611328125e-06, 1, 5.0067901611328125e-06, 5.0067901611328125e-06, [], [], [], [], [["z", 88]]]}, "5": {"timestamp": 1579098953.5763268, "report": [99, 5.245208740234375e-06, 1, 5.245208740234375e-06, 5.245208740234375e-06, [], [], [], [], [["b", 107]]]}, "6": {"timestamp": 1579098953.57634, "report": [100, 5.7220458984375e-06, 1, 5.7220458984375e-06, 5.7220458984375e-06, [], [], [], [], [["i", 0]]]}, "7": {"timestamp": 1579098953.576352, "report": [101, 6.9141387939453125e-06, 1, 6.9141387939453125e-06, 6.9141387939453125e-06, [], [], [], [["b", 107, 214]], []]}, "8": {"timestamp": 1579098953.576363, "report": [99, 5.9604644775390625e-06, 2, 1.1205673217773438e-05, 5.602836608886719e-06, [], [], [], [["y", 11, 12]], []]}, "9": {"timestamp": 1579098953.576374, "report": [100, 6.9141387939453125e-06, 2, 1.2636184692382812e-05, 6.318092346191406e-06, [], [], [], [["i", 0, 1]], []]}, "10": {"timestamp": 1579098953.576385, "report": [101, 5.7220458984375e-06, 2, 1.2636184692382812e-05, 6.318092346191406e-06, [], [], [], [["b", 214, 428]], []]}, "11": {"timestamp": 1579098953.576395, "report": [99, 6.9141387939453125e-06, 3, 1.811981201171875e-05, 6.039937337239583e-06, [], [], [], [["y", 12, 13]], []]}, "12": {"timestamp": 1579098953.576406, "report": [100, 5.7220458984375e-06, 3, 1.8358230590820312e-05, 6.1194101969401044e-06, [], [], [], [["i", 1, 2]], []]}, "13": {"timestamp": 1579098953.576417, "report": [101, 5.9604644775390625e-06, 3, 1.8596649169921875e-05, 6.198883056640625e-06, [], [], [], [["b", 428, 856]], []]}, "14": {"timestamp": 1579098953.576427, "report": [99, 6.9141387939453125e-06, 4, 2.5033950805664062e-05, 6.258487701416016e-06, [], [], [], [["y", 13, 14]], []]}, "15": {"timestamp": 1579098953.576438, "report": [100, 5.9604644775390625e-06, 4, 2.4318695068359375e-05, 6.079673767089844e-06, [], [], [], [["i", 2, 3]], []]}, "16": {"timestamp": 1579098953.576448, "report": [101, 5.9604644775390625e-06, 4, 2.4557113647460938e-05, 6.139278411865234e-06, [], [], [], [["b", 856, 1712]], []]}, "17": {"timestamp": 1579098953.576458, "report": [99, 5.7220458984375e-06, 5, 3.075599670410156e-05, 6.151199340820313e-06, [], [], [], [["y", 14, 15]], []]}, "18": {"timestamp": 1579098953.576468, "report": [100, 5.7220458984375e-06, 5, 3.0040740966796875e-05, 6.008148193359375e-06, [], [], [], [["i", 3, 4]], []]}, "19": {"timestamp": 1579098953.576478, "report": [101, 5.9604644775390625e-06, 5, 3.0517578125e-05, 6.103515625e-06, [], [], [], [["b", 1712, 3424]], []]}, "20": {"timestamp": 1579098953.576488, "report": [99, 5.9604644775390625e-06, 6, 3.6716461181640625e-05, 6.1194101969401044e-06, [], [], [], [["y", 15, 16]], []]}, "21": {"timestamp": 1579098953.576498, "report": [100, 6.9141387939453125e-06, 6, 3.695487976074219e-05, 6.159146626790364e-06, [], [], [], [["i", 4, 5]], []]}, "22": {"timestamp": 1579098953.5765078, "report": [101, 5.9604644775390625e-06, 6, 3.647804260253906e-05, 6.079673767089844e-06, [], [], [], [["b", 3424, 6848]], []]}, "23": {"timestamp": 1579098953.57652, "report": [99, 5.7220458984375e-06, 7, 4.2438507080078125e-05, 6.062643868582589e-06, [], [], [], [["y", 16, 17]], []]}, "24": {"timestamp": 1579098953.57653, "report": [100, 5.9604644775390625e-06, 7, 4.291534423828125e-05, 6.130763462611607e-06, [], [], [], [["i", 5, 6]], []]}, "25": {"timestamp": 1579098953.57654, "report": [101, 6.198883056640625e-06, 7, 4.267692565917969e-05, 6.096703665597099e-06, [], [], [], [["b", 6848, 13696]], []]}, "26": {"timestamp": 1579098953.57655, "report": [99, 6.198883056640625e-06, 8, 4.863739013671875e-05, 6.079673767089844e-06, [], [], [], [["y", 17, 18]], []]}, "27": {"timestamp": 1579098953.57656, "report": [100, 6.198883056640625e-06, 8, 4.9114227294921875e-05, 6.139278411865234e-06, [], [], [], [["i", 6, 7]], []]}, "28": {"timestamp": 1579098953.57657, "report": [101, 6.198883056640625e-06, 8, 4.887580871582031e-05, 6.109476089477539e-06, [], [], [], [["b", 13696, 27392]], []]}, "29": {"timestamp": 1579098953.57658, "report": [99, 7.152557373046875e-06, 9, 5.5789947509765625e-05, 6.198883056640625e-06, [], [], [], [["y", 18, 19]], []]}, "30": {"timestamp": 1579098953.57659, "report": [100, 7.152557373046875e-06, 9, 5.626678466796875e-05, 6.251864963107639e-06, [], [], [], [["i", 7, 8]], []]}, "31": {"timestamp": 1579098953.5766, "report": [101, 6.198883056640625e-06, 9, 5.507469177246094e-05, 6.1194101969401044e-06, [], [], [], [["b", 27392, 54784]], []]}, "32": {"timestamp": 1579098953.576611, "report": [99, 6.198883056640625e-06, 10, 6.198883056640625e-05, 6.198883056640625e-06, [], [], [], [["y", 19, 20]], []]}, "33": {"timestamp": 1579098953.576621, "report": [100, 5.7220458984375e-06, 10, 6.198883056640625e-05, 6.198883056640625e-06, [], [], [], [["i", 8, 9]], []]}, "34": {"timestamp": 1579098953.576631, "report": [101, 5.7220458984375e-06, 10, 6.079673767089844e-05, 6.079673767089844e-06, [], [], [], [["b", 54784, 109568]], []]}, "35": {"timestamp": 1579098953.576641, "report": [99, 5.9604644775390625e-06, 11, 6.794929504394531e-05, 6.177208640358665e-06, [], [], [], [["y", 20, 21]], []]}, "36": {"timestamp": 1579098953.576648, "report": [102, 3.814697265625e-06, 1, 3.814697265625e-06, 3.814697265625e-06, [], [], [], [], []]}}, "variables": {"b": {"type": "int", "ifint": true, "timestamp": 1579098953.576694, "report": ["b", 99, 107, [[101, 107, 214], [101, 214, 428], [101, 428, 856], [101, 856, 1712], [101, 1712, 3424], [101, 3424, 6848], [101, 6848, 13696], [101, 13696, 27392], [101, 27392, 54784], [101, 54784, 109568]]]}, "y": {"type": "int", "ifint": true, "timestamp": 1579098953.576679, "report": ["y", 2, 3, [[4, 3, 11], [99, 11, 12], [99, 12, 13], [99, 13, 14], [99, 14, 15], [99, 15, 16], [99, 16, 17], [99, 17, 18], [99, 18, 19], [99, 19, 20], [99, 20, 21]]]}, "x": {"type": "int", "ifint": true, "timestamp": 1579098953.576684, "report": ["x", 2, 5, [[3, 5, 8]]]}, "i": {"type": "int", "ifint": true, "timestamp": 1579098953.5766652, "report": ["i", 100, 0, [[100, 0, 1], [100, 1, 2], [100, 2, 3], [100, 3, 4], [100, 4, 5], [100, 5, 6], [100, 6, 7], [100, 7, 8], [100, 8, 9]]]}, "a": {"type": "int", "ifint": true, "timestamp": 1579098953.576697, "report": ["a", 2, 0, []]}, "z": {"type": "int", "ifint": true, "timestamp": 1579098953.5767, "report": ["z", 5, 88, []]}}, "source": "def main(y, x, a):\n    x += y\n    y += x\n    z = x * y\n    b = z + y + x + a\n    \"\"\"\n    hello frnd\n\n\n\n\n        dfmldflsdf\n\n\n\n\n\n\n\n\n    hiiii\n\n\n\n\n\n\n\n\n\n\n\n    INOI nhi hoga\n    now PLO need to clear\n    now GCI need to win\n    now Project need to do\n    now Cubing need to get NR\n    s\ns\ns\n\n\ns\nsf\nwr\n\nre\n\n\nwywe\n\n\n\nkhfk\u00e5\nfdf\n\n    okay plan set?\n\n\n\n\n\n    get boards 97% also bro\n\n\n\n\n\n    need to work now\n\n\n\n\n    no slacking off\n\n\n\n\n\n\n\n\n    productivity is key\n\n\n\n\n\n\n\n\n    cool?\n\n    this cool?\n    codeforces codechef atcoder\n\n\n    \"\"\"\n    for i in range(10):\n        b *= 2\n        y += 1\n    return x + y + z + b\n"}