{"others": {"timestamp": 1579027014.74446, "report": [0.004908084869384766, [1, 1], [2, 1], [3, 1], [4, 1]]}, "variables": {"y": {"ifint": true, "timestamp": 1579027014.7444448, "type": "int", "report": ["y", 1, 3, [[3, 3, 11]]]}, "x": {"ifint": true, "timestamp": 1579027014.744451, "type": "int", "report": ["x", 1, 5, [[2, 5, 8]]]}, "a": {"ifint": true, "timestamp": 1579027014.744454, "type": "int", "report": ["a", 1, 0, []]}, "z": {"ifint": true, "timestamp": 1579027014.744457, "type": "int", "report": ["z", 4, 88, []]}}, "source": "def main(y, x, a):\n    x += y\n    y += x\n    z = x * y\n    return x + y + z\n", "lines": {"1": {"timestamp": 1579027014.744403, "report": [1, 1.2636184692382812e-05, 1, 1.2636184692382812e-05, 1.2636184692382812e-05, [], [], [], [], [["y", 3], ["x", 5], ["a", 0]]]}, "2": {"timestamp": 1579027014.744417, "report": [2, 7.867813110351562e-06, 1, 7.867813110351562e-06, 7.867813110351562e-06, [], [], [], [["x", 5, 8]], []]}, "3": {"timestamp": 1579027014.744428, "report": [3, 5.9604644775390625e-06, 1, 5.9604644775390625e-06, 5.9604644775390625e-06, [], [], [], [["y", 3, 11]], []]}, "4": {"timestamp": 1579027014.744436, "report": [4, 3.814697265625e-06, 1, 3.814697265625e-06, 3.814697265625e-06, [], [], [], [], [["z", 88]]]}}}