{"others": {"report": [0.005629777908325195, [2, 1], [3, 1], [4, 1], [5, 1], [6, 11], [7, 10], [8, 10], [9, 1]], "timestamp": 1579102759.371856}, "source": "def main(y, x, a):\n    x += y\n    y += x\n    z = x * y\n    b = z + y + x + a\n    for i in range(10):\n        b *= 2\n        y += 1\n    return x + y + z + b\n", "lines": {"1": {"report": [2, 1.3113021850585938e-05, 1, 1.3113021850585938e-05, 1.3113021850585938e-05, [], [], [], [], [["y", 3], ["x", 5], ["a", 0]]], "timestamp": 1579102759.371406}, "2": {"report": [3, 7.867813110351562e-06, 1, 7.867813110351562e-06, 7.867813110351562e-06, [], [], [], [["x", 5, 8]], []], "timestamp": 1579102759.371422}, "3": {"report": [4, 5.9604644775390625e-06, 1, 5.9604644775390625e-06, 5.9604644775390625e-06, [], [], [], [["y", 3, 11]], []], "timestamp": 1579102759.371433}, "4": {"report": [5, 4.76837158203125e-06, 1, 4.76837158203125e-06, 4.76837158203125e-06, [], [], [], [], [["z", 88]]], "timestamp": 1579102759.371444}, "5": {"report": [6, 4.76837158203125e-06, 1, 4.76837158203125e-06, 4.76837158203125e-06, [], [], [], [], [["b", 107]]], "timestamp": 1579102759.371454}, "6": {"report": [7, 6.9141387939453125e-06, 1, 6.9141387939453125e-06, 6.9141387939453125e-06, [], [], [], [], [["i", 0]]], "timestamp": 1579102759.371467}, "7": {"report": [8, 5.9604644775390625e-06, 1, 5.9604644775390625e-06, 5.9604644775390625e-06, [], [], [], [["b", 107, 214]], []], "timestamp": 1579102759.371478}, "8": {"report": [6, 5.7220458984375e-06, 2, 1.049041748046875e-05, 5.245208740234375e-06, [], [], [], [["y", 11, 12]], []], "timestamp": 1579102759.371489}, "9": {"report": [7, 6.9141387939453125e-06, 2, 1.3828277587890625e-05, 6.9141387939453125e-06, [], [], [], [["i", 0, 1]], []], "timestamp": 1579102759.371501}, "10": {"report": [8, 5.9604644775390625e-06, 2, 1.1920928955078125e-05, 5.9604644775390625e-06, [], [], [], [["b", 214, 428]], []], "timestamp": 1579102759.3715122}, "11": {"report": [6, 6.9141387939453125e-06, 3, 1.7404556274414062e-05, 5.8015187581380206e-06, [], [], [], [["y", 12, 13]], []], "timestamp": 1579102759.371522}, "12": {"report": [7, 5.9604644775390625e-06, 3, 1.9788742065429688e-05, 6.5962473551432294e-06, [], [], [], [["i", 1, 2]], []], "timestamp": 1579102759.3715332}, "13": {"report": [8, 1.8358230590820312e-05, 3, 3.0279159545898438e-05, 1.0093053181966146e-05, [], [], [], [["b", 428, 856]], []], "timestamp": 1579102759.371556}, "14": {"report": [6, 6.198883056640625e-06, 4, 2.3603439331054688e-05, 5.900859832763672e-06, [], [], [], [["y", 13, 14]], []], "timestamp": 1579102759.371567}, "15": {"report": [7, 6.198883056640625e-06, 4, 2.5987625122070312e-05, 6.496906280517578e-06, [], [], [], [["i", 2, 3]], []], "timestamp": 1579102759.371577}, "16": {"report": [8, 6.198883056640625e-06, 4, 3.647804260253906e-05, 9.119510650634766e-06, [], [], [], [["b", 856, 1712]], []], "timestamp": 1579102759.371587}, "17": {"report": [6, 6.9141387939453125e-06, 5, 3.0517578125e-05, 6.103515625e-06, [], [], [], [["y", 14, 15]], []], "timestamp": 1579102759.371598}, "18": {"report": [7, 6.198883056640625e-06, 5, 3.218650817871094e-05, 6.4373016357421875e-06, [], [], [], [["i", 3, 4]], []], "timestamp": 1579102759.371608}, "19": {"report": [8, 5.7220458984375e-06, 5, 4.220008850097656e-05, 8.440017700195312e-06, [], [], [], [["b", 1712, 3424]], []], "timestamp": 1579102759.371618}, "20": {"report": [6, 6.9141387939453125e-06, 6, 3.743171691894531e-05, 6.238619486490886e-06, [], [], [], [["y", 15, 16]], []], "timestamp": 1579102759.371628}, "21": {"report": [7, 6.9141387939453125e-06, 6, 3.910064697265625e-05, 6.516774495442708e-06, [], [], [], [["i", 4, 5]], []], "timestamp": 1579102759.371639}, "22": {"report": [8, 5.7220458984375e-06, 6, 4.792213439941406e-05, 7.987022399902344e-06, [], [], [], [["b", 3424, 6848]], []], "timestamp": 1579102759.371649}, "23": {"report": [6, 6.9141387939453125e-06, 7, 4.4345855712890625e-05, 6.335122244698661e-06, [], [], [], [["y", 16, 17]], []], "timestamp": 1579102759.37166}, "24": {"report": [7, 5.9604644775390625e-06, 7, 4.506111145019531e-05, 6.4373016357421875e-06, [], [], [], [["i", 5, 6]], []], "timestamp": 1579102759.371671}, "25": {"report": [8, 5.9604644775390625e-06, 7, 5.3882598876953125e-05, 7.697514125279018e-06, [], [], [], [["b", 6848, 13696]], []], "timestamp": 1579102759.371681}, "26": {"report": [6, 5.7220458984375e-06, 8, 5.0067901611328125e-05, 6.258487701416016e-06, [], [], [], [["y", 17, 18]], []], "timestamp": 1579102759.371691}, "27": {"report": [7, 1.6927719116210938e-05, 8, 6.198883056640625e-05, 7.748603820800781e-06, [], [], [], [["i", 6, 7]], []], "timestamp": 1579102759.371712}, "28": {"report": [8, 5.7220458984375e-06, 8, 5.9604644775390625e-05, 7.450580596923828e-06, [], [], [], [["b", 13696, 27392]], []], "timestamp": 1579102759.371722}, "29": {"report": [6, 6.9141387939453125e-06, 9, 5.698204040527344e-05, 6.33133782280816e-06, [], [], [], [["y", 18, 19]], []], "timestamp": 1579102759.371732}, "30": {"report": [7, 5.7220458984375e-06, 9, 6.771087646484375e-05, 7.523430718315973e-06, [], [], [], [["i", 7, 8]], []], "timestamp": 1579102759.371743}, "31": {"report": [8, 5.7220458984375e-06, 9, 6.532669067382812e-05, 7.258521185980902e-06, [], [], [], [["b", 27392, 54784]], []], "timestamp": 1579102759.371753}, "32": {"report": [6, 5.7220458984375e-06, 10, 6.270408630371094e-05, 6.270408630371094e-06, [], [], [], [["y", 19, 20]], []], "timestamp": 1579102759.371763}, "33": {"report": [7, 5.9604644775390625e-06, 10, 7.367134094238281e-05, 7.367134094238281e-06, [], [], [], [["i", 8, 9]], []], "timestamp": 1579102759.371773}, "34": {"report": [8, 6.9141387939453125e-06, 10, 7.224082946777344e-05, 7.224082946777344e-06, [], [], [], [["b", 54784, 109568]], []], "timestamp": 1579102759.371783}, "35": {"report": [6, 6.9141387939453125e-06, 11, 6.961822509765625e-05, 6.328929554332387e-06, [], [], [], [["y", 20, 21]], []], "timestamp": 1579102759.3717928}, "36": {"report": [9, 3.0994415283203125e-06, 1, 3.0994415283203125e-06, 3.0994415283203125e-06, [], [], [], [], []], "timestamp": 1579102759.3718011}}, "variables": {"z": {"report": ["z", 5, 88, []], "type": "int", "ifint": true, "timestamp": 1579102759.371809}, "x": {"report": ["x", 2, 5, [[3, 5, 8]]], "type": "int", "ifint": true, "timestamp": 1579102759.37183}, "a": {"report": ["a", 2, 0, []], "type": "int", "ifint": true, "timestamp": 1579102759.371826}, "b": {"report": ["b", 6, 107, [[8, 107, 214], [8, 214, 428], [8, 428, 856], [8, 856, 1712], [8, 1712, 3424], [8, 3424, 6848], [8, 6848, 13696], [8, 13696, 27392], [8, 27392, 54784], [8, 54784, 109568]]], "type": "int", "ifint": true, "timestamp": 1579102759.371823}, "y": {"report": ["y", 2, 3, [[4, 3, 11], [6, 11, 12], [6, 12, 13], [6, 13, 14], [6, 14, 15], [6, 15, 16], [6, 16, 17], [6, 17, 18], [6, 18, 19], [6, 19, 20], [6, 20, 21]]], "type": "int", "ifint": true, "timestamp": 1579102759.371841}, "i": {"report": ["i", 7, 0, [[7, 0, 1], [7, 1, 2], [7, 2, 3], [7, 3, 4], [7, 4, 5], [7, 5, 6], [7, 6, 7], [7, 7, 8], [7, 8, 9]]], "type": "int", "ifint": true, "timestamp": 1579102759.37185}}}